{
  "IsEncrypted": false,
  "Values": {
    "WEBSITE_SLOT_NAME": "Production",
    "FUNCTIONS_EXTENSION_VERSION": "beta",
    "ScmType": "None",
    "WEBSITE_AUTH_ENABLED": "False",
    "APPINSIGHTS_INSTRUMENTATIONKEY": "89d0f228-29cf-4141-acfe-d40069e58872",
    "AzureWebJobsDashboard": "DefaultEndpointsProtocol=https;AccountName=thelongrunteams;AccountKey=vTY2oshPcsyquZTvAgOMlq5JtFSUvqPfNqYahZYlrTSXDuDAIOsWG0QdXqx6FcFJquVy7fDYEU24JrEu2leHQg==",
    "WEBSITE_NODE_DEFAULT_VERSION": "8.11.1",
    "WEBSITE_CONTENTAZUREFILECONNECTIONSTRING": "DefaultEndpointsProtocol=https;AccountName=thelongrunteams;AccountKey=vTY2oshPcsyquZTvAgOMlq5JtFSUvqPfNqYahZYlrTSXDuDAIOsWG0QdXqx6FcFJquVy7fDYEU24JrEu2leHQg==",
    "WEBSITE_CONTENTSHARE": "thelongrun-teams-functionbfc0",
    "WEBSITE_SITE_NAME": "TheLongRun-Teams-Function",
    "AzureWebJobsStorage": "DefaultEndpointsProtocol=https;AccountName=thelongrunteams;AccountKey=vTY2oshPcsyquZTvAgOMlq5JtFSUvqPfNqYahZYlrTSXDuDAIOsWG0QdXqx6FcFJquVy7fDYEU24JrEu2leHQg=="
  }
}